{"cameraMode":{"drawMode":0,"name":"Shaded","section":"Shading Mode"},"sceneLighting":true,"audioPlay":false,"sceneViewState":{"m_AlwaysRefresh":false,"showFog":true,"showSkybox":true,"showFlares":true,"showImageEffects":true,"showParticleSystems":true,"showVisualEffectGraphs":true,"m_FxEnabled":true},"in2DMode":false,"pivot":{"x":0.005081504583358765,"y":0.8295658826828003,"z":-0.7239139080047607},"rotation":{"x":0.16850729286670686,"y":-0.04581714794039726,"z":0.007841235026717186,"w":0.9846034049987793},"size":4.57148551940918,"orthographic":true}